{
    "Маршрут №1": {
        "0": [56.864027, 40.503937], 
        "1": [56.866161, 40.504702],
        "2": [56.865440, 40.509130], 
        "3": [56.865406, 40.512997],
        "4": [56.863897, 40.520281], 
        "5": [56.860859, 40.520108],
        "6": [56.854877, 40.521137], 
        "7": [56.854446, 40.529558], 
        "8": [56.853998, 40.537175],
        "9": [56.853841, 40.540879], 
        "10": [56.853546, 40.546995],
        "11": [56.853435, 40.552895], 
        "12": [56.855721, 40.554973],
        "13": [56.857676, 40.556709],
        "14": [56.857194, 40.563316], 
        "15": [56.859234, 40.558182],
        "16": [56.858299, 40.551488], 
        "17": [56.858665, 40.547823],
        "18": [56.859144, 40.542474], 
        "19": [56.860721, 40.539408],
        "20": [56.864456, 40.534633], 
        "21": [56.865882, 40.541328], 
        "22": [56.867686, 40.531038],
        "23": [56.869208, 40.529380]
    },
    "Маршрут №2": {
        "0": [56.860462, 40.519197],
        "1": [56.860587, 40.512372],
        "2": [56.855714, 40.507892],
        "3": [56.855263, 40.513171],
        "4": [56.859915, 40.559796],
        "5": [56.863465, 40.563483],
        "6": [56.869955, 40.564882],
        "7": [56.873771, 40.579055]
    }
}
